"BC_BOOK","BC_LINE","BC_TXT","AEN_BOOK","AEN_LINE","AEN_TXT","SCORE"
1,"2","2 canimus","1","1","1.1 cano","5"
1,"2","1.2 iusque datum sceleri","6","852","6.852 pacique imponere morem","4"
1,"3","3 uiscera","6","833","6.833 uiscera","5"
1,"5","5 certatum . . . orbis","7","222-4","7.222-4 concurrerit orbis","3"
1,"4","4-5 rupto foedere regni / certatum totis concussi viribus orbis","11","313","11.313 toto certatum est corpore regni","5"
1,"4","4-5 rupto foedere regni / certatum totis concussi viribus orbis","11","321-2","11.321-2 foederis aequas / dicamus leges sociosque in regna vocamus","3"
1,"6","1.6-7 signis / signa . . . pila minantia pilis","4","628-9","4.628-9 litora litoribus . . . / . . . arma armis","5"
1,"7","7 pares . . . pila","6","826","6.826 paribus . . . armis","5"
1,"8","8 quis furor","2","42","2.42 quae tanta insania","5"
1,"8","1.8 quis furor","5","670","5.670 quis furor iste nouus","5"
1,"8","8 licentia ferri","7","461","7.461 amor ferri","4"
1,"8","1.8 quis furor","12","313 ","12.313 quo ruitis? quaeve ista repens discordia surgit","5"
1,"11","11 umbraque erraret Crassus inulta","6","328-30","6.328-30 unburied souls fly about on shore of Hades for 100 years","4"
1,"12","12 bella . . . nullos habitura triumphos","8","714","8.714 triplici . . . triumpho","4"
1,"13","1.13 heu quantum terrae potuit","6","828","6.828 heu quantum inter se bellum","5"
1,"21","1.21 si tantus amor belli tibi, Roma, nefandi","2","10","2.10 tantus amor casus cognoscere nostros","3"
1,"21","1.21 si tantus amor belli tibi, Roma, nefandi","6","133","6.133 si tantus amor menti","3"
1,"21","1.21 si tantus amor belli tibi, Roma, nefandi","11","323","11.323 si tantus amor","3"
1,"21","1.21 si tantus amor belli tibi, Roma, nefandi","12","572","12.572 belli . . . nefandi","5"
1,"22","22 totum sub Latias leges cum miseris orbem","4","231","4.231 totum sub leges mitteret orbem","5"
1,"25","1.25-6 ingentia . . . / saxa","6","616 ","6.616 saxum ingens","3"
1,"25","25-6 lapsis . . . muris","8","355","8.355 disiectis . . . muris","4"
1,"25","1.25-6 ingentia . . . / saxa","10","127","10.127 ingens . . . saxum","3"
1,"25","1.25-6 ingentia . . . / saxa","12","531 ","12.531 ingentis . . . saxi","3"
1,"25","1.25-6 ingentia . . . / saxa","12","896-7","12.896-7 saxum . . . ingens","3"
1,"27","27 urbibus errat","1","578","1.578 urbibus errat","4"
1,"27","27 rarus . . . habitator","8","98-9","8.98-9 rara domorum / tecta","3"
1,"28","28 horrida . . . dumis","8","348","8.348 siluestribus horrida dumis","5"
1,"28","1.28 horrida . . . dumis","9","381-2","9.381-2 dumis . . . / horrida","5"
1,"29","29 desuntque manus poscentibus aruis","11","379","11.379 bella manus poscunt","5"
1,"33","33-4 fata Neroni / inuenere uiam","3","395","3.395 fata uiam inuenient","5"
1,"33","33-4 fata Neroni / inuenere uiam","10","113","10.113 fata uiam inuenient","5"
1,"38","38 mercede","7","317","7.317 mercede","5"
1,"45","1.45 cum statione peracta","9","222 ","9.222 statione relicta","3"
1,"47","1.47 sceptra tenere","1","57 ","1.57 sceptra tenens","3"
1,"56","1.56 aetheris immensi","10","356 ","10.356 magno . . . aethere","3"
1,"56","1.56 aetheris immensi","10","459","10.459 magnumque ita ad aethera","3"
1,"60","60 positis armis (on Nero)","1","291","1.291 positis mitescent saecula bellis, on Augustus","5"
1,"61","61-2 pax . . . / compescat limina Iani","1","294","1.294 claudentur Belli portae","4"
1,"62","1.62 ferrea belligeri","7","622","7.623 belli ferratos","5"
1,"62","62 limina Iani","7","610","7.607-13 limine Ianus","5"
1,"63","1.63-4 pectore . . . / accipio","4","530-1 ","4.530-1 pectore . . . / accipit","4"
1,"63","1.63-4 pectore . . . / accipio","9","276-7","9.276-7 pectore . . . / accipio","4"
1,"64","64 secreta mouentem","1","262","1.262 fatorum arcana movebo","3"
1,"67","67 fert animus causas tantarum expromere rerum","1","8","1.8 Musa, mihi causas memora","5"
1,"67","67 fert animus causas tantarum expromere rerum","4","232","4.232 tantarum gloria rerum","3"
1,"67","67 fert animus causas tantarum expromere rerum","4","272","4.272 tantarum gloria rerum","3"
1,"68","68 immensum aperitur opus","3","275","3.275 aperitur Apollo","2"
1,"68","68 immensum aperitur opus","7","45","7.45 maius opus moueo","5"
1,"75","75-6 ignea astra","4","352","4.352 astra ignea","3"
1,"80","1.80 turbabit foedera","12","633","12.633 foedera turbasti","5"
1,"81","81 laetis . . . rebus","2","783","2.783 res laetae","5"
1,"83","1.83 terrae pelagique potentem","3","528","3.528 di maris et terrae tempestatumque potentes","3"
1,"84","84 causa malorum","11","361","11.361 causa malorum","5"
1,"84","1.84 causa malorum","12","600","12.600 causa malorum","3"
1,"84","1.84 causa malorum","4","169-70 ","4.169-70 malorum / causa","3"
1,"84","1.84 causa malorum","7","481-2 ","7.481-2 laborum / causa","3"
1,"87","1.87 nimiaque cupidine","9","354","9.354 sensit enim nimia caede atque cupidine ferri","4"
1,"97","97 exiguum dominos commisit asylum","8","342","8.342 lucum . . . quem Romulus acer asylum / rettulit","4"
1,"100","1.100 belli . . . mora","10","427-8 ","10.427-8 belli . . . / . . . moramque","3"
1,"102","102-3 fretum . . . mare","1","246","1.246 mare . . . pelago","3"
1,"103","1.103-4 saeua / arma","1","295","1.295 saeua . . . arma","5"
1,"103","1.103-4 saeua / arma","8","482 ","8.482 saeuis . . . armis","3"
1,"103","1.103-4 saeua / arma","9","651","9.651 saeua . . . arma","3"
1,"103","1.103-4 saeua / arma","12","890","12.890 saeuis . . . armis","3"
1,"109","1.109 diuiditur ferro","9","750-1 ","9.750-1 ferro . . . / diuidit","4"
1,"111","1.111 non cepit fortuna duos","9","644 ","9.644 nec . . . capit","3"
1,"112","1.112 ferales omine taedas","7","322","7.322 funestaeque . . . taedae","4"
1,"112","1.112 ferales omine taedas","7","71","7.71 castis . . . Taedis","4"
1,"114","1.114 quod si tibi fata dedissent","3","337","3.337 quae fata dedere?","4"
1,"114","1.114 quod si tibi fata dedissent","4","225","4.225 fatisque datas . . . urbes","4"
1,"114","114 fata dedissent","11","112","11.112 sedemque dedissent","3"
1,"129","1.129 nec coiere pares","1","475","1.475 infelix puer atque impar congressus Achilli","4"
1,"132","132 popularibus auris","6","816","6.816 popularibus auris","5"
1,"134","1.134 nouas uires","12","424","12.424 nouae . . . Uires","4"
1,"135","1.135 stat magni nominis umbra ","7","412","7.412 magnum…nomen ","5"
1,"135","135 nominis umbra","11","223","11.223 magnum nomen","5"
1,"136","1.136 quercus sublimis","3","680","3.680 aeriae quercus","5"
1,"136","1.136 quercus sublimis","9","681-2 ","9.681-2 quercus . . . sublimi uertice","5"
1,"136","1.136-43 quercus . . . nec iam ualidis radicibus . . . frondes . . . robore","4","441-6 ","4.441-6 ualidam cum robore quercum . . . frondes . . . radice","5"
1,"136","1.136-7 quercus . . . exuuias","10","423","10.423 exuuiasque . . . quercus","4"
1,"136","1.136-7 quercus . . . / exuuias . . . sacrataque gestans","11","5-8 ","11.5-8 quercum . . . // . . . exuuias","5"
1,"137","137 quercus exuuias … sacrataque gestans / dona ducum","10","423","10.421-3 haec arma exuuiasque uiri tua quercus habebit","4"
1,"137","137 quercus exuuias … sacrataque gestans / dona ducum","11","5-8 ","11.5-8 ingentem quercum . . . Mezenti ducis exuuias","5"
1,"138","1.138-40 haerens // . . . frondibus","4","445","4.445 frondes / haeret","5"
1,"138","1.138 dona ducum","11","6","11.6 consituit . . . arma","4"
1,"139","1.139 per aera ","1","300","1.300 per aera","3"
1,"139","1.139 per aera","6","202","6.202 per aera","3"
1,"140","1.140 frondibus ","4","441","4.441 quercum / frondes ","5"
1,"141","1.141 nutet casura ","2","629","2.629 vertice nutat ","5"
1,"147","1.147 ferre manum","5","403","5.403 ferre manum","3"
1,"152","1.152 aetheris inpulsi sonitu","8","524-6","8.524-6 namque . . . ab aethere fulgor / cum sonitu . . .","3"
1,"157","1.157 dat stragem","12","454","12.454 dabit . . ./ stragemque","5"
1,"178","1.178 rapti fasces pretio ","6","622","6.622 fixit leges pretio atque refixit ","5"
1,"183","1.183 iam . . . Ceasar cursu superauerat Alpes","2","303","2.303 ascensu supero ","3"
1,"183","1.183 iam . . . Ceasar cursu superauerat Alpes","6","676","6.676 hoc superate ","3"
1,"183","1.183 iam . . . Ceasar cursu superauerat Alpes","11","514","11.514 superans adventat","3"
1,"184","1.184 motus . . . /ceperat","4","297","4.297 excepit","3"
1,"184","184 bellumque futurum","9","642-3","9.642-3 bella / . . . uentura","3"
1,"185","1.185 uentum est","6","45","6.45 uentum erat ","2"
1,"185","1.185 uentum est","10","710","10.710 uentum est","2"
1,"185","1.185 uentum est","12","739","12.739 ventumst","2"
1,"186","1.186 ingens visa duci patriae trepidantis imago","2","772-3","2.772-3 infelix simulacrum atque ipsius umbra Creusae / visa mihi ante oculos et nota maior imago","3"
1,"186","1.186 imago ","5","636","5.636 nam mihi Cassandrae per somnum vatis imago","3"
1,"186","1.186 visa . . . patriae . . . imago","5","722","5.722 visa . . . facies . . . Parentis","4"
1,"186","186-7 uisa . . . / clara per obscuram uultu maestissima noctem","2","270","2.270 ante oculos maestissimus Hector / uisus adesse","4"
1,"187","187 clara per obscuram uultu maestissima noctem,","2","589-90","2.589-90 clara.../...pura per noctem in luce","3"
1,"188","1.188 effundens…crines / caerie lacera nudisque…lacertis","2","277","2.277 squalentem barbam et concretos sanguine crintis/ uulneraque illa gerens","5"
1,"190","1.190 gemitu permixta loqui","2","288","2.288 sed grauiter gemitus imo de pectore ducens ","5"
1,"190","1.190 quo tenditis ","9","781","9.781 quo tenditis ","5"
1,"191","191 uiri","2","668","2.668 uiri","5"
1,"191","191 iure","9","642","9.642 iure","3"
1,"192","1.192 perculit horror / membra ducis ","3","30 ","3.30 horror / membra ","3"
1,"193","193 riguere comae","2","774","2.774 steterunt comae","5"
1,"193","193 riguere comae","3","48","3.48 steterunt comae","5"
1,"193","1.193 riguere comae","4","280 ","4.280 horrore comae","3"
1,"193","1.193 gressum que coercens ","6","389","6.389 comprime gressum","3"
1,"193","1.193 riguere comae","12","868 ","12.868 horrore comae","3"
1,"194","1.194 tenuit uestigia ","5","332","5.332 vestigia tenuit","3"
1,"195","195 magnae moenia","2","294-5","2.294-5 moenia . . . / magna","4"
1,"195","195 magnae moenia","3","159-60","3.159-60 moenia . . . / magna","4"
1,"196","196 Phrygii . . . penates","2","293","2.293 Troia Penates","3"
1,"196","1.196 Phrygiique penates ","3","148 ","3.148 Phrygiique Penates","5"
1,"200","200 faue coeptis","9","625","9.625 Juppiter omnipotens, audacibus adnue coeptis","3"
1,"200","1.200 Roma, fave coeptis","10","461","10.461 te precor, Alcide, coeptis ingentibus adsis","3"
1,"201","1.201 en adsum","7","452-4","7.452-4 en . . . / . . . / adsum","3"
1,"205","205-12 leo…///...erexitque iubam…/...infremuit…lancea","12","4-9","12.4-9 leo…comantis / excutiens ceruice toros…/…telum et fremit","5"
1,"205","leo","9","792-6","leonem","5"
1,"207","1.207 subsedit dubius ","9","792 ","9.792 ceu saeuum turba leonem / cum telis premit infensis . . . / retro redit…haud aliter retro dubius uestigia Turnus","3"
1,"209","209 uasto . . . hiatu","6","237","6.237 uastoque . . . hiatu","3"
1,"210","1.210 et uasto graue murmur hiatu / infremuit","1","296 ","1.296 fremet horridus ore cruento","3"
1,"215","1.215 perque imas . . . ualles ","7","801","7.801 per imas/ . . . uallis ","3"
1,"224","1.224 Hesperiae . . . aruis","3","171","3.171 Dictea negat tibi Iuppiter arva","5"
1,"224","1.224 Hesperiae . . . aruis","4","355 ","4.355 Hesperiae . . . aruis","5"
1,"224","224 constitit (Caesar)","8","381","8.381 Rutulorum constitit oris","3"
1,"224","224 Hesperiae . . . aruis","3","171","3.171 Dictea negat tibi Iuppiter arva","5"
1,"225","225-6 pacem . . . / . . . foedera","12","202","12.202 pacem . . . foedera","4"
1,"226","1.226 procul hinc iam foedera sunto ","4","624","4.624 foedera sunto ","5"
1,"226","226 te Fortuna, sequor","10","49","10.49 quacumque uiam dederit Fortuna sequatur","3"
1,"226","226 te Fortuna, sequor","12","435-6","12.435-6 disce . . . / fortunam ex aliis","5"
1,"227","227 utendum est iudice bello","12","79","12.79 nostro dirimamus sanguine bellum","4"
1,"228","1.228 sic fatus","10","535","10.35 sic fatus","2"
1,"228","228 rapit agmina","12","450","12.450 rapit agmen","3"
1,"230","230 Parthi post terga sagitta","12","856","12.856 sagitta / … Parthus","4"
1,"232","232 fugiebant astra","3","521","3.521 stellis . . . fugatis","3"
1,"232","232 fugiebant astra","10","257","10.257 dies noctemque fugarat","3"
1,"233","1.233 iamque dies . . . / exoritur ","3","588 ","3.588 iamque dies . . . surgebat ","3"
1,"233","1.233 iamque dies primos belli visura tumultus","4","169 f","4.169 f. ille dies primus leti primusque malorum / causa fuit","5"
1,"235","1.235 meastam tenuerunt nubila lucem ","7","527","7.527 lucem sub nubila ","3"
1,"237","1.237 clangorque tubarum ","2","313 ","2.313 clangorque tumbarum ","5"
1,"237","1.237 clangorque tubarum","11","192","11.192 clangorque tubarum ","4"
1,"238","238-43 classica…///...crate…//…enses","7","633-40  ","7.633-40 cratis…///...ensis/classica…//...ense ","4"
1,"245","1.245 celsus medio conspectus in agmine Caesar ","8","587 ","8.587 ipse agmine Pallas / it medio chlamyde et pictis conspectus in armis","4"
1,"246","246 gelidus . . . artus","3","259","3.259 gelidus . . . sanguis","3"
1,"246","246 occupat artus","7","446","7.446 occupat artus","3"
1,"246","1.246 gelidos pauor occupat artus ","11","424","11.424 occupat artus ","3"
1,"247","1.247 uoluunt in pectore ","7","254","7.254 uoluit sub pectore ","3"
1,"252","1.252 orbe sub Eoo sedem gelidaque sub Arcto","6","16","6.16 insuetum per iter gelidas enavit ad Arctos","3"
1,"256","1.256 hac iter est bellis ","6","542","6.542 hac iter Elysium nobis ","4"
1,"256","1.256 hac iter est bellis ","9","321","9.321 hac iter est","3"
1,"259","1.259-61 quantum . . . / mediusque . . . / tanta quies","4","522-7 ","4.522-7 nox erat . . . sub nocte silenti","3"
1,"260","260 murmure pontus","1","124","1.124 murmure pontum","3"
1,"261","261 gelidas . . . umbras","11","210","11.210 gelidam . . . umbram","3"
1,"263","1.263 addunt stimulos ","9","717","9.717 addidit stimulos ","4"
1,"264","1.264 rumpunt moras","4","569 ","4.569 rumpe moras","3"
1,"269","269 uenali","6","621-2","6.621-2 uendidit . . . pretio","4"
1,"272","1.272 uoluentem pectore curas","1","227 ","1.227 iactantem pectore curas ","3"
1,"272","1.272 uoluentem pectore curas","5","701","5.701 illuc pectore curas ","3"
1,"272","1.272 uoluentem pectore curas","7","254 ","7.254 volvit sub pectore","3"
1,"280","1.280 dum trepidant ","4","121","4.121 dum trepidant ","3"
1,"280","1.280 dum trepidant ","9","418","9.418 dum trepidant ","3"
1,"286","1.286 nunc neque te longi remeantem pompa triumphi / excipit","2","95","2.95 si patrios umquam remeassem victor ad Argos","4"
1,"286","1.286 nunc neque te longi remeantem pompa triumphi / excipit","11","793","11.793 patrias remeabo inglorius urbes","4"
1,"286","1.286-7 pompa triumphi / excipit, sacras poscunt Capitolia laurus","6","836","6.836 ille triumphata Capitolia ad alta Corintho","3"
1,"287","1.287 sacras poscunt Capitolia laurus","3","81","3.81 vittis et sacra redimitus tempora lauro","3"
1,"287","1.287 sacras poscunt Capitolia laurus","7","59-60","7.59-60 laurus erit . . . / sacra . . .","3"
1,"290","1.290 decertum genero est","6","831","6.831 descendens gener ","5"
1,"294","1.294 carcere clauso ","1","141","1.141 clauso . . . carcere","3"
1,"294","294-5 carcere clauso / immineat foribus pronusque repagula laxet","11","492-7 ","11.492-7 abruptis fugit praesepia uinclis","5"
1,"297","1.297 trepidum tumultum","8","4-5","8.4-5 simul omne tumultu / coniurat trepido Latium","4"
1,"299","1.299 bellorum o socii, qui mille pericula Martis","1","198-9","1.198-9 O socii (neque enim ignari sumus ante malorum)","4"
1,"301","1.301 cruor . . . diffusus in aruise ","10","908 ","10.908  diffundit in arva cruore","3"
1,"303","1.303 ingenti bellorum . . . tumultu ","11","447","11.447 ingenti . . . tumultu ","5"
1,"303","1.303 ingenti bellorum . . . tumultu ","11","897 ","11.897 ingentem . . . tumultum","3"
1,"307","307 iussus Caesar agi","7","481","7.481 ut ceruuom ardentes agerent","3"
1,"308","1.308 Marte . . . adverso ","12","1","12.1 adverso Marte ","3"
1,"311","1.311 longa . . . pace ","7","46","7.47 longa . . . pace","5"
1,"325","1.325 suetus ciuilibus armis","5","414","5.414 arma . . .  // . . . suetus","2"
1,"327","327 tigres . . . / . . . nemore Hyrcano","4","367","4.367 Hyrcanaeque . . . tigres","3"
1,"328","1.328 matrum . . . lustra","3","646-7","3.646-7 ferarum / lustra","4"
1,"331","1.331-2 semel . . . / . . . fauces ","9","63","9.63 collecta . . . / . . . fauces ","4"
1,"333","333 tamen  used without preceding ""although""","3","341","3.341 tamen used without preceding ""although""","2"
1,"334","334 improbe","2","356","2.356 improba (one word, no strong relation)","2"
1,"345","1.345 quae moenia fessis ","3","85 ","3.85 da moenia fessis ","5"
1,"347","347 tollite iampridem uictricia tollite signa","2","103","2.103 iamdudum sumite poenas","3"
1,"354","1.354 caede feras mentes animosque tumentes","6","49 ","6.49 rabie fera corda tument","3"
1,"354","354-5 animosque tumentes frangunt","1","202","1.202 reuocate animos","5"
1,"355","1.355 diro ferri reuocantur amore ","6","721","6.721 lucis . . . cupido ","3"
1,"355","1.355 diro ferri reuocantur amore ","7","461 ","7.461 saevit amor ferri et scelerata insania bello","5"
1,"358","1.358 seruati ciuis referentem praemia quercum","6","772 ","6.772 civili . . . quercu","3"
1,"359","1.359-60 Romani maxime rector / nominis ","8","572 ","8.572 maxume rector / Iuppiter ","4"
1,"360","1.360 ueras expromere uoces","2","279-80 ","2.279-80 uirum . . . expromere uoces","4"
1,"363","1.363 dum mouet haec calidus spirantia corpora sanguis","4","336 ","4.336 dum memor ipse mei, dum spiritus hos regit artus","5"
1,"363","1.363 calidus . . . sanguis ","5","395","5.395 gelidus . . . / sanguis ","4"
1,"363","1.363 calidus . . . sanguis ","9","422","9.422 calido . . . sanguine ","4"
1,"366","1.366 usque adeo miserum est ciuili uincere bello","12","646 ","12.646 usque adeone mori miserum est ","5"
1,"367","367 inhospita Syrtis","4","41","4.41 inhospita Syrtis","4"
1,"367","1.367 duc age","6","343","6.343 dic age ","2"
1,"369","1.369 post terga relinqueret ","2","57 ","2.57 post terga reuinctum ","2"
1,"376","1.376-7 pectore . . . gladium . . . / condere ","9","347","9.347 pectore in aduerso . . . ensem","5"
1,"376","1.376-7 pectore . . . gladium . . . / condere ","12","950 ","12.950 ferrum adverso sub pectore condit","5"
1,"381","1.381 Tusci . . . Thybridis ","2","781 ","2.781 Lydius Thybris ","3"
1,"385","1.385 quam . . . Urbem","1","573","1.573 urbem quam ","3"
1,"388","1.388 it . . . clamor ","4","665","4.665 it clamor ","4"
1,"388","1.388 it . . . clamor ","5","451","5.451 it clamor","4"
1,"388","1.388 it . . . clamor ","8","595","8.595 it clamor","4"
1,"388","1.388 it . . . clamor ","9","664 ","9.664 it clamor","4"
1,"388","1.388 it . . . clamor ","11","192 ","11.192 it clamor","4"
1,"388","1.388 it . . . clamor ","12","409","12.409 it clamor","4"
1,"389","1.389 Boreas . . . Thracius ","10","350 ","10.350 tris quoque Threicios Boreae","3"
1,"390","1.390 rupibus incubuit ","1","84","1.84 incubuere mari ","2"
1,"391","1.391 fit sonus ","4","443 ","4.443 it stridor ","3"
1,"393","393 fataque ferre uidet","2","34","2.34 fata ferebant","3"
1,"393","1.393 fataque ferre ","3","130 ","3.130 Prosequitur surgens a puppi ventus euntis ","2"
1,"393","1.393 fataque ferre ","4","430 ","4.430 exspectet facilemque fugam ventosque ferentis","2"
1,"399","1.399-400 gurgite . . . / suo ","9","816 ","9.816 suo cum gurgite flauo / accepit ","2"
1,"403","1.403 mitis Atax Latias gaudet non ferre carinas ","8","88","8.88 mitis ut in morem stagni placidaque paludis ","3"
1,"405","1.405 sub Herculeo sacratus nomine portus ","6","830","6.830 aggeribus socer Alpinis atque arce Monoeci / descendens ","5"
1,"405","405-8 quaque with ref. to sea","7","801","7.801 qua with ref. to sea","2"
1,"408","1.408 tuta prohibit statione Monoeci ","2","23 ","2.23 nunc tantum sinus et statio male fida carinis","3"
1,"408","1.408 tuta prohibit statione Monoeci ","5","127 ","5.127 immotaque attollitur unda / campus et apricis statio gratissima mergis ","3"
1,"416","1.416 fluctusque ad sidera ducat ","1","103","1.103 fluctusque ad sidera tollit ","3"
1,"417","1.417-9 quos agitat mundi labor","1","742-6 ","1.742-6 song of Iopas","5"
1,"418","1.418-419 causa . . . / . . . late ","3","32","3.32 causas . . . latentis ","3"
1,"418","1.418-419 causa . . . / . . . late ","5","5  ","5.5 causa latet ","3"
1,"420","1.420 litore curvo","3","16","3.16 litore curvo","4"
1,"420","1.420 litore curvo","3","223","3.223 litore curvo","3"
1,"424","423 leues . . . in armis","5","37","5.37 horridus in iaculis ","3"
1,"428","1.428 sanguine ad Iliaco ","1","19 ","1.19 progeniem . . . Troiano a sanguine ","3"
1,"428","1.428 sanguine ad Iliaco","1","550 ","1.550 Troiano . . . a sanguine clarus Acestes ","3"
1,"428","1.428 sanguine ad Iliaco","4","230 ","4.230 sanguine Teucri","3"
1,"428","1.428 sanguine ad Iliaco","5","45 ","5.45 genus alto a sanguine diuum ","3"
1,"428","1.428 sanguine ad Iliaco","6","500","6.500 genus alto a sanguine Tecuri ","3"
1,"428","1.428 sanguine ad Iliaco ","11","394","11.394 Iliaco . . . / sanguine ","3"
1,"430","430 te, apostrophe in catalogue","7","241","7.241 apostrophe in catalogue","1"
1,"430","430 te, apostrophe in catalogue","10","139","10.139 apostrophe in catalogue","3"
1,"430","430 te, apostrophe in catalogue","10","185","10.185 apostrophe in catalogue","3"
1,"430","430 te, apostrophe in catalogue","12","588","12.588 apostrophe in catalogue","1"
1,"432","1.432 stridentes . . . tubae ","12","590 ","12.590 magnis . . . acuunt stridoribus iras ","2"
1,"433","1.433-4 raptum . . . / . . . fert ","11","751","11.751 uolans alte raptum . . . Fulua draconem / fert aquila","3"
1,"444","1.444 placatur sanguine","2","116","2.116 sanguine placastis ","3"
1,"447","1.447 belloque peremptas ","11","110","11.110 martis sorte peremptis","3"
1,"450","1.450-1 moremque sinistrum / sacorum ","3","408","3.408 morem sacrorum","3"
1,"450","1.450-1 moremque sinistrum / sacorum ","11","347","moresque sinistros","4"
1,"450","1.450-1 moremque sinistrum / sacorum ","12","836 ","12.836 morem . . . sacrorum ","3"
1,"453","1.453 nemora alta","12","929","12.929 nemora alta","2"
1,"456","regit idem spiritus artus orbe alio","6","751","rursus et incipiant in corpora velle reverti","3"
1,"455","1.455-6 Ditisque / . . . pallida regna ","6","269  ","6.269 ditis . . . regna ","3"
1,"455","1.455-6 Ditisque / . . . pallida regna ","8","245","8.254 regia . . . / pallida ","1"
1,"456","456 idem spiritus artus","4","336","4.336 spiritus hos regit artus","3"
1,"456","1.456 regit idem spiritus artus ","6","726 ","6.726 spiritus . . . artus ","4"
1,"457","1.457 orbe alio ","6","745 ","6.745 perfecto temporis orbe ","4"
1,"460","1.460-1 ruendi  / in ferrum mens ","8","648","8.648 in ferrum . . . ruebant ","4"
1,"465","465 apertum gentibus orbem","10","13","10.13 Alpes immittet apertas","4"
1,"467","467 audendi maiora","10","811","10.811 maioraque uiribus audes","3"
1,"467","1.467 audendi maiora ","10","811","10.811 maioraque . . . Audes","3"
1,"467","467 audendi maiora","12","814","12.814 maiora audere probaui","3"
1,"468","1.468 uicinaque moenia conplet","9","39 ","9.39 moenia complent ","3"
1,"468","468 moenia conplet","11","140","11.140 moenia replet","2"
1,"469","469 fama + context","4","173","4.173 fama + context","4"
1,"469","1.469-71 fama . . . / . . . /. . . velox . . . nuntia belli","4","188 ","4.188 ficti . . . nuntia veri","3"
1,"469","1.469-71 fama . . . / . . . / . . . nuntia ","9","474","9.474 nuntia Fama ","3"
1,"471","1.471 uelox . . . nuntia ","11","139 ","11.139 Fama volans, tanti praenuntia luctus ","3"
1,"472","472 innumeras . . . linguas","4","183","4.183 tot linguae","4"
1,"472","1.472 innumeras soluit falsa in praeconia linguas ","4","189 ","4.189 haec tum multiplici populos sermone replebat / gaudens, et pariter facta atque infecta canebat","4"
1,"477","1.477 aquilas conlataque signa ","11","517 ","11.517 conlatis . . . signis ","2"
1,"479","1.479 nec qualem meminere uident ","2","300","2.300 ei mihi, qualis erat, quantum mutatus ab illo / Hectore qui redit exuuias indutus Achilli","3"
1,"483","1.483 pone sequi ","10","226","10.226 pone sequens ","2"
1,"484","1.484-5 quisque pauendo / dat uires famae ","4","175 ","4.175 uirisque adquirit eundo","3"
1,"486","486 finxere","4","188","4.188 ficti","3"
1,"491","Incerti, quo quemque fugae tulit impetus, urgent praecipitem populum","2","796-800","Atque hic ingentem comitum adfluxisse novorum","4"
1,"492","1.492-3 praecipitem populum serieque haerentia longa / agmina","2","766-7 ","2.766-7 pueri et pauidae longo ordine matres / stant circum ","2"
1,"493","493-8 agmina . . . faces . . . ruit","11","142-3","11.142-3 ruere et . . . / funereas rapuere faces","5"
1,"493","493 credas","8","691","8.691 credas","2"
1,"493","493 credas","11","528","11.528 uelis ","2"
1,"495","1.495 turba per urbem ","4","666 ","4.666 fama per urbem ","3"
1,"495","1.495 turba per urbem / praecipiti lymphata gradu","7","377","7.377 furit lymphata per urbem ","3"
1,"495","1.495 turba per urbem","8","554","8.554 volgata per urbem ","3"
1,"495","1.495 turba per urbem","8","665 ","8.665 sacra per urbem ","3"
1,"495","1.495 turba per urbem","9","473","9.473 pennata per urbem ","3"
1,"495","1.495 turba per urbem","12","608 ","12.608 fama per urbem ","3"
1,"495","495-6 turba per urbem / praecipiti lymphata gradu","7","377","7.377 immensam sine more furit lymphata per urbem.","3"
1,"495","495-6 turba per urbem / praecipiti lymphata gradu","4","300-1","4.300-1 totamque incensa per urbem / bacchatur","4"
1,"496","1.496-7 velut unica rebus / spes foret adflictos patrios excedere muros","2","354","2.354 una salus victis nullam sperare salutem","4"
1,"499","1.499-501 Auster / . . . aequor/ / . . .  fluctus","1","82-6 ","1.82-6 venti .  . . / / . . .  mari . . . // . . . fluctus","3"
1,"499","1.499 immensum . . . aequor ","6","355 ","6.355 immensa . . .aequora ","3"
1,"501","1.501 desilit in fluctus deserta puppe magister ","1","114-16","1.114-16 ingens a uertice pontus / in puppim ferit: excutitur pronusque magister / uoluitur in caput","3"
1,"502","1.502 nondum sparsa conpage carinae ","1","122 ","1.122 laxis lacterum compagibus omnes accipiunt inimicum imbrem rimisque fatiscunt ","3"
1,"503","1.503 urbe relicta ","9","8 ","9.8 urbe . . . relicta ","3"
1,"504","1.504 nullum ","11","160","11.160 contra ego uiuendo uici mea fata, superstes / restarem ut genitor ","1"
1,"504","1.504-7 nullum . . . eualuit reuocare parens coniunxue maritum /  . . . Aut patrii . . . / . . . Lares","2","635 ","2.635 genitor, quem tollere in altos / optabam primum montis primumque petebam","5"
1,"504","1.504-7 nullum . . . eualuit reuocare parens coniunxue maritum /  . . . Aut patrii . . . / . . . Lares","3","11 ","3.11 feror exsul in altum / cum sociis natoque peatibus et magnis dis ","5"
1,"504","1.504-7 nullum . . . eualuit reuocare parens coniunxue maritum /  . . . Aut patrii . . . / . . . Lares","2","651-3","2.651-3 nos contra effusi lacrimis, coniunxque Creusa / Ascaniusque omnisque fomus, ne uertere secum / cunta pater fatoque urgenti incumbere uellet","5"
1,"504","1.504-7 nullum . . . eualuit reuocare parens coniunxue maritum /  . . . Aut patrii . . . / . . . Lares","2","657-70 ","2.657-70 mene efferre pedem, genitor, te posse relicto / sperasti tantumque nefas patrio excidit ore","5"
1,"504","1.504-7 nullum . . . eualuit reuocare parens coniunxue maritum /  . . . Aut patrii . . . / . . . Lares","2","673-8","2.673-8 ecce autem complexa pedes in limine coniunx / haerebat, paruumque patri tenebat Iulum / si periturus abis, et nos rape in omnia tecum; / sin aliquam expertus sumpis spem ponis in armis / hanc primum tutare domum. Cui paruus Iulus / cui pater et coniunx quondam tua dicta relinquor","5"
1,"504","1.504-7 nullum . . . eualuit reuocare parens coniunxue maritum /  . . . Aut patrii . . . / . . . Lares","2","707-25 ","age, care pater, cervici imponere nostrae","5"
1,"504","1.504-7 nullum . . . eualuit reuocare parens coniunxue maritum /  . . . Aut patrii . . . / . . . Lares","2","747-51 ","Ascanium Anchisenque patrem Teucrosque Penatis","5"
1,"505","1.505 eualuit reuocare ","7","757 ","7.757 eualuit neque eum iuuere in uulnera cantus ","2"
1,"507","1.507-8 nec limine quisquam haesit ","2","673","2.673 ecce autem complexa pedes in limine coniunx / haerebat ","5"
1,"514","1.514 urbem liquere ","10","168 ","10.168 urbem liquere ","3"
1,"515","1.515 externis . . . In oris ","7","270","7.270 externis . . . oris ","3"
1,"518","1.518 intra tentoria ","1","7","1.7 altae moenia Romae ","3"
1,"519","1.519 audito bellorum nomine ","12","697 ","12.697 at pater Aeneas audito nomine Turni / deserit et muros et summas deserit arces ","4"
1,"520","1.520 nox una tuis non credita muris ","2","360-2 ","2.360-2 nox atra cauca circumuolant umbra. / quis cladem illius noctis, quis funera fando / explicet aut possit lacrimis aequare labores? / urbs antiqua ruit multos dominata per annos","5"
1,"524","524 manifesta fides","2","309","2.309 manifesta fides","4"
1,"524","524 manifesta fides","3","375","3.375 manifesta fides","4"
1,"524","1.524-5 superi . . . / prodigiis terras inplerunt ","10","101-3 ","10.101-3 deum alta silescit / et tremefacta solo tellus, silet arduus aether, / tum Zephyri posuere, premit placida aequora pontus ","3"
1,"526","1.526 obscurae . . . noctes ","4","461","4.461 nox . . . obscura ","3"
1,"526","1.526 ignota . . . sidera","8","681","8.861 Iulium sidus","1"
1,"527","1.527 ardentemque polum","2","251","2.251 terramque polumque ","2"
1,"530","1.530 fallaci . . . sereno ","5","850 ","5.850 fallacibus / . . . sereni ","3"
1,"540","1.540 medio . . . Olympo","10","216 ","10.216 medium . . . Olympum ","3"
1,"530","1.530-1 sereno / . . . aere ","9","630 ","9.630 caeli . . . serena ","3"
1,"541","1.541 atra caligine","9","36","9.36 caligine . . . atra ","3"
1,"541","1.541 condidit ardentis atra caligine currus ","11","187 ","11.187 atris conditur . . . caligine ","3"
1,"541","atra caligine","11","876","caligine turbidus atra","3"
1,"542","1.542 inuoluitque orbem ","3","198","3.198 inuoluere diem nimbi ","3"
1,"548","1.548-9 saeui / latrauere canes ","5","257","5.257 saeuitque canum latratus in auras","4"
1,"549","1.549-50 Vestali raptus ad ara / ignis ","2","296-7 ","2.296-7 Vestamque potentem aeternumque adytus effert penetralibus ignem","5"
1,"556","1.556 urbisque laborem ","2","284 ","2.284 post uarios hominumque urbisque labores / defessi aspicimus ","4"
1,"557","1.557 testatos sudore Lares ","2","171-4 ","2.171-4 nec dubiis ea signa dedit Tritonia monstris. / uix positum castris simulacrum: arsere coruscae / luminibus flammae arrectis, salsusque per artus / sudor iit","3"
1,"558","1.558 dirasque diem foedasse uolucres ","3","262 ","2.262 sive deae seu sint dirae obscenaeque volucres","3"
1,"558","1.558 dirasque diem foedasse uolucres ","8","235 ","8.235 dirarum  . . . uolucrum ","2"
1,"559","1.559-60 posuisse cubilia Roma ","6","274 ","6.274 posuere cubilia Curae ","3"
1,"565","1.565 Bellona ","8","700-4 ","8.700-4 saeuit medio in certamine Mauros / caelatus ferro, tristesque ex aethere Diare,  / et scissa gaudens uadit Discordia palla / quam sum sanguineo sequitur Bellona flagello ","4"
1,"573","1.573-4 excutiens . . . / stridentisque comas ","12","6 ","12.6 gaudetque comantis / excutiens ceruice toros ","3"
1,"574","1.574-7 Agauen / . . . Lycurgi / . . . / . . . Alcides","4","469-73 ","4.469-73 Pentheus / . . . / . . . Agamemnonius . . . Orestes ","3"
1,"572","1.572 urbem cingebat ","11","475 ","11.475 varia cinxere corona ","2"
1,"573","573 flagranti uertice pinum","7","397","7.397 flagrantem feruida pinum","5"
1,"576","1.576 Eumenis ","4","469 ","4.469 Eumenidum ueluti demens uidet agmina Pentheus ","3"
1,"576","1.576 iussu Iunonis iniquae ","8","292-4","8.292-4 ut duros mille labores / rege sub Eurystheo fatis Iunonis iniquae / pertulerit ","4"
1,"581","1.581 tristia . . . cecinere oracula ","2","114 f","2.114 f. suspensi Eurypylum sciatum oracula Phoebi / mittimus, isque adytis haec tristia dicta reportat ","5"
1,"582","1.582 gelidas Anienis . . . Undas","7","683 ","7.683 gelidumque Anienem . . . rivis ","3"
1,"584","584 de more uetusto","11","142","11.142 de more uetusto","3"
1,"585","1.585 maximus aeuo ","11","237 ","11.237 maximus aeuo ","3"
1,"584","1.584-8 haec propter placuit Tuscos de more uetusto / acciri uates. Quorum qui maximus aeuo / Arruns incoluit desertae moenia Lucae, / fulminis edoctus motus uenasque calentis / fibrarum et montitus errantus in aere pinnae ","10","175-7","10.175-7 tertius ille hominum diuumque interpres Asilas,  / cui pecudumfibrae, caeli cui sidera parent / et linguae uolucrum et pragesagi fulminis ignes ","3"
1,"584","1.584-8 haec propter placuit Tuscos de more uetusto / acciri uates. Quorum qui maximus aeuo / Arruns incoluit desertae moenia Lucae, / fulminis edoctus motus uenasque calentis / fibrarum et montitus errantus in aere pinnae ","3","359-61 ","3.359-61 Troiugena, interpres divum, qui numina Phoebi, / qui tripoda ac Clarii laurus. / qui sidera sentis / et volucrum linguas et praepetis omina pinnae","3"
1,"587","1.587-8 uenasque calentis / fibrarum ","10","176","10.176 fibrae caeli ","3"
1,"589","1.589-90 monstra  . . . quae . . . / protulerat natura ","9","120","9.120 mirabile monstrum","3"
1,"586","1.586 Aruns","11","759 ","11.759 Arruns","3"
1,"588","588 errantis in aere pinnae","3","361","3.361 praepetis omina pennae","4"
1,"591","1.591 infaustis urere flammis ","2","37 ","2.37 praecipitare iubent subiectisque urere flammis ","3"
1,"591","1.591 infaustis urere flammis ","5","635 ","5.635 infaustas exurite puppis ","3"
1,"592","1.592 ciuibus urbem ","5","631 ","5.631 ciuibus urbem","2"
1,"592","1.592 ciuibus urbem ","8","571 ","8.571 ciuibus urbem ","2"
1,"595","1.595 sacri quibus est permissa potestas ","9","97 ","9.97 cui tanta deo permissa potestas ","3"
1,"596","1.596 ritu . . . succincta Gabino ","7","612 ","7.612 cinctuque Gabino ","2"
1,"598","1.598 Troianam . . . Mineruam ","2","163 ","2.163 Palladis auxiliis semper stetit ","2"
1,"598","1.598 cui fas uidisse ","6","266","6.266 sit mihi fas audita loqui ","3"
1,"599","1.599 fata deum ","2","54","2.54 fata deum ","2"
1,"599","1.599 fata deum ","3","375 ","3.375 fata deum","2"
1,"599","1.599 fata deum ","6","376 ","6.376 fata deum ","2"
1,"599","1.599 fata deum ","7","239 ","7.239 fata deum","2"
1,"599","1.599 fata deum","7","584 ","7.584 fata deum","2"
1,"604","604 tollens apicem generoso uertice","8","664","8.664 lanigeros apices","3"
1,"606","1.606-7 Arruns dispersos fulminis ignes / colligit et . . . condit ","10","177","10.177 fulminis ignes ","4"
1,"607","1.607 maesto cum murmure ","1","245","1.245 uasto cum murmure ","3"
1,"607","1.607 maesto cum murmure ","1","55 ","1.55 magno cum murmure ","3"
1,"608","1.608 sacris . . . admouet aris","12","171 ","12.171 admouitque pecus flagrantibus aris ","3"
1,"609","1.609 fundere Bacchum ","5","77 ","5.77 hic duo rite mero libans carchesia Baccho / fundit humit ","2"
1,"616","1.616 palluit attonitus sacris feralibus Arruns ","4","462","4.462 solaque culminibus ferali carmine bubo ","4"
1,"622","1.622-3 pulmonis anheli / fibra latet ","6","48 ","6.48 pectus anhelum ","3"
1,"632","1.632 nec enim ","6","28  ","6.28 sed enim ","2"
1,"632","1.632 nec enim ","8","84  ","8.84 tibi enim ","2"
1,"632","1.632 nec enim ","10","874 ","10.874 agnovit enim ","2"
1,"632","632-3 litaui . . . sacrum","4","50","4.50 sacrisque litatis","3"
1,"634","1.634 inferni . . . dei ","6","106","6.106 inferni ianua ","2"
1,"635","1.635 di uisa secundent ","3","36","3.36 rite secundarent uisus omenque leurent ","5"
1,"635","1.635 di uisa secundent ","7","259 ","7.259 di nostra . . . secundent ","4"
1,"637","1.637-8 flexa . . . / . . . multaque . . . ambage","6","99","6.99 horrendas canit ambages ","4"
1,"639","1.639 at Figulus ","4","1 ","4.1 at regina ","2"
1,"639","1.639 at Figulus ","4","296 ","4.296 at regina ","2"
1,"639","1.639 at Figulus ","4","393","4.393 at pius Aeneas ","2"
1,"639","1.639 at Figulus ","4","504","4.504 at regina ","2"
1,"647","1.647 segetes tellus infida negabit ","3","142","3.142 uictum seges aegra negabat ","3"
1,"660","1.660 quid tantum, Gradiue paras","5","14","5.14 quidue pater Naptune, paras ","3"
1,"662","1.662 motuque celer Cyllenius haeret ","4","252 ","4.252 hic primum paribus nitens Cyllenius alis ","2"
1,"663","1.663 meatus ","6","849","6.849 caelique meatus ","2"
1,"666","1.666 armorum rabies ","8","327","8.327 belli rabies ","3"
1,"669","669 quid prodest poscere finem?","1","241","1.241 quem das finem . . . laborem","4"
1,"673","1.673 pauidam . . . plebem","2","685 ","2.685 pauidi trepidare ","3"
1,"673","1.673-4 terruerant . . . pauidam praesagia plebem / sed maiora premunt ","2","199 ","2.199 hic aliud maius miseris multoque tremendum / obicitur magis atque improuida pectora turbat ","5"
1,"674","1.674-6 qualis . . . Edonis . . . rapitur matrona per urbem ","4","300 f","4.300 f. totamque incensa per urbem / bacchatur qualis commostis excita sacris / Thyias, ubi audito simulant trieterica Baccho / orgia nocturnusque uocat clamore Cithaeron","5"
1,"673","1.673 pauidam . . . plebem","8","349","8.349 iam tum religio pavidos terrebat agrestis / dira loci","3"
1,"674","674 sed maiora premunt","10","375","10.375 numina nulla premunt","3"
1,"676","1.676 rapitur matrona per urbem ","4","666","4.666 concussam bacchatur Fama per urbem ","5"
1,"676","1.676 rapitur matrona per urbem ","4","68","4.68 uritur infelix Dido totaque uagatur / urbe furens ","5"
1,"676","1.676 rapitur matrona per urbem ","7","377","7.377 immensan sine more furit lymphata per urbem ","5"
1,"676","1.676 rapitur matrona per urbem ","10","41 ","10.41 bacchata per urbes ","5"
1,"677","1.677 uocibus his ","1","64 ","1.64 his uocibus ","3"
1,"677","1.677 prodens urguentem pectora Phoebum","6","48","6.48 pectus anhelum / et rabie fera corda tument ","5"
1,"677","1.677 uocibus his ","9","83 ","9.83 uocibus his ","3"
1,"678","1.678 super aethera ","1","379","1.379 super aethera ","2"
1,"678","1.678 quo feror ","4","110","4.110 incerta feror ","4"
1,"678","1.678 quo feror . . . quis furor","4","595","4.595 quid loquor? Aut ubi sum? Quae mentem insania mutat?","3"
1,"678","1.678 quo feror ","10","670 ","10.670 quo feror ","5"
1,"680","1.680 Haemi sub rupe ","8","295","8.295 nemeae sub rupe ","2"
1,"681","1.681 tela manusque ","6","57","6.57 tela manusque ","4"
1,"683","683 primos me ducis in ortus","4","118","4.118 ubi primos crastinus ortus","2"
1,"683","683 quo diuersa feror","5","166","5.166 quo diuersa abis","3"
1,"685","1.685-6 hunc ego, fluminea deformis truncus harena / qui iacet agnosco","2","554-8","2.554-8 haec finis Priami factorum, hic exitus illum / sorte tulit Troiam incensam et prolapsa uidentem / Pergama tot quondam populis terrisque superbum / regnatorem Asiae iacet ingens litore truncus / auulsumque umeris caput et sine nomine corpus","5"
1,"686","1.686-7 Syritim / . . . Feror Libyen ","1","2","1.2 Italiam, fato profugus, Laviniaque venit ","3"
1,"686","1.686 dubiam . . . Syrtim ","4","41","4.41 inhospita Syrtis ","3"
1,"687","687 quo tristis Enyo","2","337","2.337 quo tristis Erinys","3"
1,"689","1.689 nubiferae colles atque aeriam Pyrenen ","3","680","3.680 aeriae quercus aut coniferae cyparissi ","3"
1,"691","1.691 inpiaque . . . bella ","12","31","12.31 promissam eripui genero, arma impia sumpsi ","3"
1,"695","1.695 lasso iacuit deserta furore ","6","102 ","6.102 cessit furor et rabida ora quierunt ","5"
1,"695","1.695 lasso iacuit deserta furore ","3","716-18 ","3.716-18 sic pater Aeneas intentis omnibus unus / fata renarrabat diuum cursusque docebat/ conticuit tandem factoque hic fine quieuit","4"
